Iteration,ROC-AUC,PR-AUC,F1-Score
1,0.7389293828943739,0.7408835301637062,0.6404158686730507
2,0.7380533282766472,0.7387925122386487,0.6394691677871424
3,0.7356976646589385,0.735295476804041,0.6357293312269615
4,0.7352623072634792,0.7349806810756305,0.6384680273003144
5,0.7387481436469789,0.7404803549539154,0.6411596489498077
6,0.736719124044942,0.7397664479506467,0.6393277605146833
7,0.7386458876430704,0.7422385908620784,0.6397770126250205
8,0.7361279574344028,0.7359703236828969,0.6387969004448233
9,0.736843431611972,0.737767629497329,0.6394584561633366
10,0.7376316844572726,0.74089260740745,0.6398492473258829
11,0.7373647972309065,0.7401822239763085,0.6392033680169273
12,0.7371129358106239,0.7410244062926092,0.6393837370204513
13,0.7381535841143729,0.7407840557334058,0.64027455952433
14,0.7381317878004028,0.7368549788450347,0.6367858086099129
15,0.7386800484827285,0.7400866053697646,0.6393354357357126
16,0.7362198699903238,0.7405775249467408,0.6400373795216725
17,0.7339065314059744,0.7344038250466031,0.6380141440860451
18,0.7340515549593887,0.734909694372504,0.6356191415885545
19,0.7389098687227877,0.7412878782688429,0.6413369549803101
20,0.7393755574014214,0.7390770414285879,0.6393977910238429
21,0.7383951927049827,0.7402573342615695,0.6393154173178435
22,0.7372535702985126,0.7375007681054834,0.6394674024921709
23,0.7381398583324841,0.7418750720985392,0.6392149148689703
24,0.7363119776660549,0.7377821547624401,0.6386024824325212
25,0.7355732834814755,0.7387559189486925,0.6397577104509157
26,0.7396417073883164,0.739448436116958,0.6421112546246635
27,0.7385119093641335,0.7412142614703732,0.6411428945616466
28,0.738816084247106,0.736258673621499,0.6394490575985238
29,0.7371674348350765,0.739037907178195,0.639681066025886
30,0.7370119361713734,0.7348109999823723,0.6395516237155888
31,0.7407556891193092,0.742165997933662,0.6416612021857924
32,0.7376968566275659,0.7408297134898817,0.6407845273767366
33,0.7408171123228344,0.742224483052866,0.642138192195818
34,0.7359352182318994,0.7364163926141432,0.6383849884501276
35,0.7360350238743644,0.7381120370180414,0.6380104323533905
36,0.7391775895498569,0.740644369089501,0.6414654091479038
37,0.7378174128926425,0.7395061662157469,0.6403210328884236
38,0.7399984851837514,0.7425744135213539,0.6423968368394609
39,0.7369673968207759,0.737982266617724,0.6382240569144965
40,0.7374518199040467,0.7390759539115109,0.6389995307572269
41,0.7403797196368221,0.7434097957544448,0.6430234329105111
42,0.7391615410720482,0.7413840540674397,0.6411270444661109
43,0.7427858868996813,0.7460079982192765,0.6459154160982264
44,0.7367345363219981,0.73983179252212,0.6408322326408977
45,0.7391493040673662,0.7417393944816076,0.6416050501851225
46,0.7374987842497812,0.7381410750198985,0.6381897439267485
47,0.7371867575996782,0.7392653897386421,0.6396887669795753
48,0.7358889683364248,0.7398707621319525,0.6400767394456011
49,0.7389674998831623,0.7403478159505887,0.6403341862957374
50,0.7369024054815838,0.7402967633379806,0.6383793963011746
51,0.7382236528693567,0.7401074750920951,0.6403433101475229
52,0.7386872305979013,0.7407027474900574,0.6401363293752663
53,0.7358478930890919,0.7370169174474847,0.6393124359226054
54,0.7403319100016353,0.7415570312324297,0.64380407860424
55,0.73916574141261,0.7385825475300802,0.6403543480172338
56,0.738029571321821,0.7397470588796745,0.6381364757467799
57,0.738717668311028,0.7381795279528445,0.6410119054126444
58,0.7382262472716377,0.7402233435210868,0.6388234391609771
59,0.737441847303723,0.7409866922318111,0.6403426348797063
60,0.7399370791268077,0.7423272927784419,0.644591371028353
61,0.7364232275959955,0.7361913867841449,0.6384585084033614
62,0.7378689654795669,0.7382138100920392,0.6374191280659937
63,0.7361731227169145,0.7379418634296624,0.6371014556248015
64,0.7349567205679226,0.7360345797962249,0.6373816809801147
65,0.7367426005488511,0.7404416376932577,0.640066138717257
66,0.736720201028538,0.7383010396777643,0.6394635218956143
67,0.7355059547489126,0.7370465951289641,0.637956012116423
68,0.7366361222166293,0.7364108733080481,0.6377890506620989
69,0.7367808368797484,0.7373485061928895,0.6402560237673941
70,0.7380233741879006,0.7415810786876869,0.6397762176393155
71,0.7393711216352463,0.7421909945275005,0.6412501094283464
72,0.736709231465499,0.7394046165892091,0.6410312146769847
73,0.7389571108647991,0.7419622846880822,0.6428571428571429
74,0.7379730239057736,0.7363124814159409,0.6400473621891857
75,0.7395835889335942,0.7408032301984793,0.6400526864606773
76,0.7365736220596076,0.736575738213592,0.6402590986441237
77,0.7370516299926694,0.7366197483277982,0.638715823360014
78,0.7394057088471908,0.742407705191981,0.6433869579897834
79,0.7398068111352845,0.7408102609578348,0.6420135781178371
80,0.7397554370718024,0.7412000281976737,0.6407393650724289
81,0.7366748432603417,0.7398418565483954,0.6401386723647344
82,0.736851857476988,0.7382662482897572,0.6401002506265664
83,0.7385865814266037,0.7381966732043485,0.6391483003361972
84,0.7388074010273835,0.7406790916711742,0.6409269785745518
85,0.7376588219575282,0.7409637389218786,0.6382964725490411
86,0.7375204954709733,0.7373539051748996,0.6385773333771887
87,0.7394615058315102,0.7409185338401462,0.6410582103280628
88,0.7371987238982712,0.7397104672473196,0.639858382324016
89,0.7335105947051674,0.737142277904863,0.6346999016070843
90,0.7384525002488533,0.73870869743947,0.640043019248919
91,0.7390783224597487,0.7379147713276992,0.6417236288073495
92,0.7369746170483765,0.739597509709895,0.6368165741379499
93,0.7383146373276512,0.7382189990146439,0.6394155467201175
94,0.7384458990419478,0.7389025603281874,0.6424271558269876
95,0.7383760160233994,0.7396247204200483,0.6390067888439224
96,0.7388137867237069,0.7422095222701183,0.6411282845580777
97,0.7376133326415184,0.7381356098279142,0.6410550083445139
98,0.7364210127413169,0.7366824506797907,0.6375635627973099
99,0.7395856355353114,0.7451628277440338,0.6417554667856715
100,0.7366978878859077,0.7370486874958658,0.6372396779771148
101,0.7379861251886247,0.7398783546028762,0.6396743412413551
102,0.7382668972319689,0.7386833747912304,0.639805761532909
103,0.7368362558365669,0.7391425030290172,0.6391569824699626
104,0.7375053985018304,0.7372645032683254,0.6381905137993067
105,0.7347466880188184,0.737483492535169,0.6400494866841752
106,0.7361884071411188,0.7384964439652995,0.639735883823981
107,0.7384888641922275,0.7388248398050703,0.6387740102458342
108,0.7364163600364297,0.7390351239131113,0.639730125111902
109,0.7372819806227058,0.7367431517878703,0.6373871387889357
110,0.7354857392657612,0.7372803454707081,0.6378494435194111
111,0.7366181672416467,0.7404670066564588,0.6394743151058127
112,0.7381446272213585,0.7435969012835331,0.6450825602868282
113,0.7402066825116628,0.7408079614480683,0.642451138996983
114,0.737843948347772,0.7348584844242959,0.6393143610592242
115,0.7389152949710466,0.7375134968643934,0.6401072338929419
116,0.7390690982920538,0.7403727261057258,0.6419245489338437
117,0.7363432572771585,0.7373076431006798,0.6391110916303229
118,0.7359635359116371,0.7381480315567633,0.6377189713007827
119,0.7354279000753249,0.734887729117794,0.6393951992297762
120,0.7401494723201112,0.7427221535894115,0.6427932351336607
121,0.7361633368397208,0.7365051916543548,0.638015588054996
122,0.737888846262929,0.7371358821425427,0.6397518931299383
123,0.738169606201432,0.7392056891308441,0.6395269900361327
124,0.7388795736868606,0.7377597667195546,0.6404786167450117
125,0.7387219467248027,0.7384985361005811,0.6424594423459028
126,0.7373423025229724,0.740792897184227,0.6408885682113847
127,0.7404231138576299,0.7421385024222209,0.640056068420995
128,0.7378553398387206,0.7387473748069453,0.642109285441345
129,0.7384773323831297,0.738208873991457,0.638662254114923
130,0.7383834055639158,0.7398581856073626,0.6415640839971035
131,0.7365637033821435,0.7373938256698853,0.6378811777076762
132,0.7362552247685665,0.7402617962107588,0.641029546146817
133,0.7404625578107441,0.7405312028283245,0.6414767367889969
134,0.7376321727468321,0.7382145101030805,0.6415772967519793
135,0.7370711442963154,0.7383171986290984,0.6413250481548791
136,0.7378319966422354,0.7374895449210979,0.6393607926521844
137,0.7407996379606709,0.7422212179179278,0.6417719161801273
138,0.7370082282781799,0.7369725318022743,0.6364085830119648
139,0.7348075519852102,0.7338562326979402,0.6372845016189727
140,0.7361180562528251,0.73370627650066,0.6360819171344443
141,0.7385001907137374,0.7374272578403291,0.6395163155402355
142,0.737323076297679,0.7404006589316726,0.6398962601342516
143,0.7343661779535156,0.7362987736548146,0.6379541808100763
144,0.7364012706496075,0.7367488667395681,0.6365686500995567
145,0.738441980211583,0.7400843272651301,0.6411390474530481
146,0.742693508498871,0.746084318074793,0.6434970719342715
147,0.7373477347648654,0.7387427081644354,0.6388624763653453
148,0.738597273035313,0.741434335993131,0.6406575773122728
149,0.7363313869494064,0.7358358095662968,0.6375078182436659
150,0.7371982180445952,0.7369029415185987,0.6368616945356331
151,0.7349161687016883,0.7348556103766206,0.6376577088754292
152,0.7358780892589971,0.7368132303477724,0.6372561939905114
153,0.7392719262543312,0.7404858967842595,0.639935810773678
154,0.7364719993945674,0.7401611696355481,0.6410175227905454
155,0.7385365323635713,0.7402617242796157,0.6409869743858729
156,0.7383611743946102,0.7385750289219695,0.6422156505417999
157,0.735527120565143,0.7358236072934576,0.6368406032533532
158,0.7343297688055916,0.7335246323230673,0.6362951396092905
159,0.7386726337303728,0.7398092620995711,0.640178434759791
160,0.737500880643524,0.7377053583604132,0.6390279710319591
161,0.7374691328177707,0.7365610551403092,0.6392411317150292
162,0.7372071514385272,0.7393836068057147,0.6407404577653106
163,0.7357487964453482,0.7371838470793435,0.6390297636575816
164,0.7363251290788037,0.7366245432290974,0.6368229298521756
165,0.7378630240668216,0.7361714915726454,0.6397733760815143
166,0.7395687100424093,0.7406871032580622,0.6400447353705471
167,0.7398830707149835,0.7382775375988053,0.6380691725340455
168,0.7402026050376843,0.7408034187731762,0.6404684478818773
169,0.7339738853991726,0.7329907755426277,0.6366129810857067
170,0.7384413528274253,0.7412685282986471,0.6393341959253492
171,0.7396845448019582,0.7423925256037411,0.6402407772919098
172,0.7369211455913839,0.738433637697779,0.6397976648606221
173,0.73705031747566,0.7384581053419275,0.6373247175700031
174,0.7379423292219794,0.7382621776445583,0.6407331172812473
175,0.7402752833057424,0.7423590956153171,0.6433292480084041
176,0.7370788025883351,0.7398523871950786,0.6385842417855064
177,0.7391201849180531,0.7400519533216432,0.6408230272518332
178,0.7399316818760835,0.7448026501366358,0.644297635605007
179,0.7383411638824406,0.7410093169155135,0.639624868835257
180,0.7423185640556254,0.7442166803321226,0.6454885908378332
181,0.7353246050328948,0.7379157086372088,0.6383981154299175
182,0.7390296771476959,0.7373738811772639,0.6394574300593436
183,0.7360034787082593,0.7371013697666219,0.6372688164944824
184,0.7398880565512056,0.7426014304165512,0.6429093128972125
185,0.73616653090426,0.7361633704862998,0.6387070600747783
186,0.7377223346915398,0.7389471275187294,0.6413076555231926
187,0.7397319696611161,0.7416313215677726,0.6415287903261012
188,0.736402603510999,0.7393142260078693,0.6388630570112578
189,0.7404900139725024,0.7398946412169083,0.6423370432729102
190,0.7373460676213124,0.7378049178262183,0.6405654174884944
191,0.7371873592466843,0.7397018447606521,0.6396330475618414
192,0.7379286467411807,0.7405555310450398,0.6373947319301251
193,0.7343103874098691,0.7372131200480501,0.636558481322719
194,0.736282753201762,0.7376367988058884,0.6398694814295726
195,0.7386217349489054,0.7381838032927822,0.6395077166079831
196,0.7379550289321996,0.740257156840705,0.6401083596404032
197,0.7367453959137642,0.7383573217133821,0.6383151073309032
198,0.7369408663554781,0.738679749021169,0.638313731078252
199,0.738752717269622,0.739072096398653,0.6398569171348315
200,0.7367342901813989,0.7414582502557712,0.6399443224080559
201,0.7383643128891813,0.7384291690603957,0.6401145442820763
202,0.739677368395691,0.7397059900931862,0.6378449697636064
203,0.7369479348249878,0.7373868886265825,0.639690828872029
204,0.7384124794806732,0.7395445724979732,0.6397844752058875
205,0.7377970797906416,0.7380892869319086,0.6387372574810918
206,0.7387892592438384,0.7399141392764641,0.6406429642931444
207,0.7392451009937815,0.739688023522117,0.6422166643003026
208,0.7353893474546792,0.7370140690538327,0.6374593835075085
209,0.7369678176273197,0.7345052706066996,0.6370965066516272
210,0.7359711663130769,0.738126874444895,0.639214700320285
211,0.7378226788395786,0.7399058340685192,0.6383432212700505
212,0.7374987946247049,0.7379741647157241,0.6397143389158461
213,0.7388049474356768,0.7398103923589439,0.6411582665369011
214,0.7401701658398774,0.7427903473563461,0.6431979734230152
215,0.7365104347239131,0.7348535136841499,0.6353091084845556
216,0.7349808111928653,0.7364263592190464,0.6377568296759113
217,0.7376573635946249,0.739756812161394,0.6412668513793217
218,0.7372699484466836,0.7401163660817258,0.6399834048453484
219,0.7398642755714846,0.740637071660806,0.6413588815897341
220,0.7373952575784998,0.7379993813404353,0.640163925444604
221,0.7369600318038301,0.7374686640313579,0.6398030634573304
222,0.7368685599895817,0.7391847273320014,0.6391720999431146
223,0.736122977657974,0.7354623044979318,0.6352757257824799
224,0.7369066349124067,0.7358952550886769,0.6364475100498649
225,0.73944995396505,0.7386394822127132,0.6403124656177798
226,0.7385911976536815,0.7397669690176831,0.6407250517190425
227,0.7399144240474302,0.7404846306348887,0.6401121773804829
228,0.7362895714211609,0.7374591359822216,0.6378438832907534
229,0.7388090325526437,0.7386722144936809,0.6371060817569276
230,0.739841070948611,0.7399603274203811,0.6421159893499293
231,0.7387794529642309,0.7396225279221991,0.6405479032416879
232,0.7374973602186436,0.7405238130689045,0.6387760242692396
233,0.7365868402668803,0.7386642628298468,0.6403110113343919
234,0.7358586368981874,0.738607489743991,0.639664621498286
235,0.7397961284041217,0.7397790380945642,0.6400676878447575
236,0.7352590463260179,0.7358289484710062,0.6362566927229351
237,0.7390401570644243,0.7407400448137704,0.6414672136542132
238,0.7359971144132187,0.7367873721476381,0.6402562336711157
239,0.7405439813379706,0.741520043246287,0.6420456412897005
240,0.7347383532724652,0.7347570353343101,0.6386843719870278
241,0.7401350201585803,0.7419316913921103,0.6422799833577857
242,0.7397593085545482,0.7408238655387108,0.6416906400061255
243,0.7379141388469658,0.7392214526030435,0.6393178151647845
244,0.7408886031651328,0.7438295349182407,0.6447310983062685
245,0.7374522155277207,0.7363880816589321,0.6395915678524374
246,0.7401863054824763,0.7430576898505977,0.6416907869586588
247,0.7374331607917932,0.7382816286398061,0.6401592631889829
248,0.7366099952897078,0.7366602515487932,0.6400984496379558
249,0.7386411902692988,0.7392469645986363,0.6390900822914498
250,0.7371573606036699,0.7376821129849599,0.6396990271029165
251,0.7372494217691627,0.7366861014218953,0.6404124207830303
252,0.7376511309743691,0.7373412192208753,0.6379841814850975
253,0.7380026355947269,0.739338051190633,0.6401667703524224
254,0.7378692368358316,0.7395752391583209,0.6394946575582414
255,0.737612233361328,0.7380441045173245,0.639944788905199
256,0.7402227244718014,0.7400021246672353,0.6426007745595375
257,0.7358211580146166,0.7370229979631308,0.6379900112564615
258,0.7380857788841726,0.7401211638194642,0.6410850004367956
259,0.738626260072219,0.7407161473938482,0.6418945440272145
260,0.7397951528218802,0.7412691654499002,0.6409219881464927
261,0.7368126041002587,0.7362295103583134,0.6381052355333946
262,0.7376336345288756,0.7383334595467406,0.6400148348531786
263,0.7385201669443759,0.7402061661639068,0.6431167700511481
264,0.7364525155914237,0.7370675229158516,0.6374925819284788
265,0.735481852859811,0.7382587567550527,0.6385276180900129
266,0.7369911378001582,0.7385697068252672,0.6386940776157288
267,0.736552243822675,0.734601398209339,0.6379610470653924
268,0.7388071061822503,0.7401712337840203,0.6414482335408083
269,0.7372072572165553,0.7394295757212843,0.640276365703541
270,0.7366771991285227,0.7386685659103092,0.6398182433834694
271,0.7384346323304594,0.7369622053037088,0.6395687805951268
272,0.7343363031094345,0.7362181543543325,0.6368035030103996
273,0.7393333141108787,0.7415152513297625,0.6410116408587591
274,0.7368678825731736,0.7373663222758926,0.6386101313648623
275,0.7369649566592468,0.741486112288354,0.6413125183837548
276,0.7408128396144738,0.7418347153093456,0.641153791232329
277,0.7379295267504418,0.7366536502389499,0.6384703246496507
278,0.7383309091537427,0.7395267052700754,0.6390108569805798
279,0.7383447279802454,0.7388233140040747,0.6422446708703337
280,0.7386309773201938,0.7432551281942836,0.64085258322266
281,0.7397716154865681,0.7378603062004543,0.640094070069014
282,0.7358207645285315,0.7353603358147659,0.6389437206649998
283,0.7383055053593015,0.739020532375934,0.6401881426383723
284,0.7386790980784868,0.742017535997271,0.641499143751568
285,0.7396499345711574,0.7429507569029262,0.6392295373275124
286,0.738577935249475,0.7416174062805203,0.6398238576909662
287,0.7363362691885158,0.737150978526906,0.6367620407490802
288,0.7414351500194082,0.7423431334735593,0.6419152757699216
289,0.7397370188461324,0.7412076442158635,0.64004909965696
290,0.7385179771479018,0.7420895167794528,0.6413325594384152
291,0.7345427451859388,0.7391161090652256,0.6361161822097358
292,0.7379278437609156,0.7388514804573981,0.6380215166622933
293,0.7366232111045763,0.7395852094911549,0.6392179186828104
294,0.741679901298177,0.7444948436798753,0.6423036992514071
295,0.7358347404555028,0.7378827355782112,0.6384214216846349
296,0.7384055616384091,0.7402854102883736,0.6414171864551703
297,0.737725729928044,0.7393511312348653,0.6389596196929129
298,0.7388539549810147,0.7414820089809566,0.6415094339622641
299,0.7382518760897383,0.7394489476973256,0.6432017855775227
300,0.7392834315335677,0.7386832406729462,0.6378597647681301
301,0.7372153380671455,0.7390517331213371,0.6402497598463016
302,0.7404990168770661,0.7426804858599602,0.6440833342427781
303,0.7389575871853153,0.7412975913577804,0.6431463903161195
304,0.7383419500946581,0.7397258014446726,0.6415510649918078
305,0.7352699975420848,0.735043280942566,0.6385137721015166
306,0.7376270776334526,0.7413271313716925,0.6417677775234109
307,0.7382072551893251,0.7395987022143209,0.6414756798621186
308,0.738799193508105,0.7374546198404571,0.6382219873848287
309,0.7379477534465624,0.7400003040128653,0.639762442199382
310,0.7392280944003962,0.7404169364339752,0.6420381887138907
311,0.7353670424396378,0.7360875491577239,0.6395930200754882
312,0.7401512562576897,0.744636005462902,0.6407945196499394
313,0.7381876405577271,0.7371085468384881,0.6398632433676321
314,0.7407969248116333,0.7401643280303437,0.6417953053292638
315,0.7396883019754287,0.7407017945118312,0.6403839410939691
316,0.7359586388342758,0.7386834150064931,0.6390953643974372
317,0.737279273525576,0.7376254891498863,0.6378734622144112
318,0.7387380507633834,0.7402773935923124,0.6411678320145541
319,0.737468411425084,0.7371151886728479,0.6386678229179245
320,0.738270989457642,0.7391027002318182,0.6412789810028572
321,0.7380139914638737,0.741869968921172,0.6408050040794125
322,0.7409072075849519,0.7417372519774414,0.64405705922188
323,0.7375089000295436,0.7373754675294731,0.6387370177634324
324,0.7418238970739597,0.7448673648734969,0.6456672358846627
325,0.7378096712649244,0.7404970209397428,0.6411601425043166
326,0.7381191687501163,0.7382182676150242,0.639043509765818
327,0.7393012534172884,0.7394698634005498,0.6422671603531758
328,0.7388603454077851,0.7411646808722093,0.6410593415259249
329,0.7376162470794575,0.7384188292537328,0.6367757301693576
330,0.73757772362541,0.739006348887963,0.6399518652226234
331,0.7369833052907897,0.7396777931755854,0.6392319747498548
332,0.737677781666321,0.7384513230607339,0.6394206576673157
333,0.7366725160036021,0.7375755024841496,0.6402669242251295
334,0.7392351513331905,0.7378836428939828,0.6407136352165373
335,0.7386039400589431,0.7407327508565852,0.6396197552447552
336,0.7396564294975854,0.7402268226826438,0.6404495612833967
337,0.7391082424523323,0.7396102561859571,0.6406990001754078
338,0.7371607405702139,0.7370398050011435,0.6369159443217648
339,0.7384772192134017,0.7389600035934081,0.6383053451871364
340,0.7390796869753556,0.741855073384566,0.6415053271953595
341,0.7360506594852567,0.7377840359676635,0.6401475064643181
342,0.7362271377007126,0.7387736513415111,0.6364659723057082
343,0.7385833025656805,0.7422809171334679,0.6422102537771611
344,0.7357445063835937,0.7377193602642268,0.6379052807310429
345,0.7371981687521718,0.7389751119353579,0.6408440715322256
346,0.7366941195039384,0.7356337917148834,0.6386772643822214
347,0.7378801151006003,0.740695231654455,0.6385635709521154
348,0.7383728861461897,0.7389976423665877,0.6399140407429336
349,0.7363518771061867,0.7379678613890401,0.6392686074232847
350,0.7387200815201201,0.7400698661929229,0.6401452588517113
351,0.7385836987259111,0.740389303691576,0.6434246231977244
352,0.7374214164462743,0.7396941536665017,0.6410119054126444
353,0.7348986964952341,0.7365138237854456,0.6374937080077911
354,0.7405813550904418,0.7389650876678506,0.6413683932811538
355,0.7384255892848266,0.7369687974109437,0.6380318124277615
356,0.7363885661302827,0.737740108571989,0.6379083534312651
357,0.7375774947124685,0.7388995728936708,0.6403287323912877
358,0.7351458728985995,0.7377426445450781,0.6383305538488545
359,0.7383815265004161,0.7399713186961914,0.642055554949669
360,0.7357934951250367,0.7387208438591999,0.6396994391868209
361,0.736927128121649,0.7373845258830588,0.6410284439974638
362,0.7383249762279367,0.7359858659173039,0.638288506404895
363,0.7377329748077062,0.7395587132038418,0.6383374961658121
364,0.7372817982247681,0.7387986358580084,0.6391202640956691
365,0.7358730214309264,0.7366641124798137,0.6360247627634892
366,0.7395432592142848,0.7400385259490083,0.6401748156241464
367,0.7389030657335999,0.7412423786833626,0.6413531616385668
368,0.7363109186046226,0.7382506593331442,0.6370871511927048
369,0.7380212101977924,0.739194498391024,0.6395914610090738
370,0.7384690058970245,0.7401602107953531,0.6420276397006609
371,0.7371552534071744,0.7359534541202638,0.6397610996442844
372,0.7366484235123244,0.7362055191532962,0.6381041403200088
373,0.7391738925137332,0.7402878162188803,0.638889497556807
374,0.7374193741220891,0.7387127465596077,0.6384892086330936
375,0.7366294164138906,0.7381379655987577,0.639688511680812
376,0.734001795456851,0.7350827528453795,0.6386972303063994
377,0.7358885573470654,0.7358724344427536,0.637627574739928
378,0.7358637049299847,0.7379666676100716,0.6401656766036297
379,0.7387384323140199,0.7420292515488087,0.6412370011433549
380,0.7363093201681219,0.7372534781222131,0.6404841757977648
381,0.7362247523568239,0.7402760728761352,0.6390443298067675
382,0.7374551661849289,0.7384433247030808,0.6426266678294236
383,0.7368466581044125,0.7375851919371078,0.6367374688846732
384,0.7396973007498667,0.7404380030693108,0.6445489357523919
385,0.73841729623258,0.7415702702529738,0.6420024845803457
386,0.7384883285662684,0.7383965733885876,0.6400926846862601
387,0.736860753453707,0.7360620991621629,0.6380212915713531
388,0.7379175187696312,0.7400373115408917,0.6383230514677682
389,0.7361727039071366,0.7372693377346325,0.6410415780692859
390,0.7353411459596917,0.7334637382928777,0.6388736474771196
391,0.7342095668106097,0.7355608192034926,0.6357379668027092
392,0.7373632026797922,0.7371553982518761,0.6391972157263156
393,0.7393790223157148,0.7377486115633369,0.6405733791392727
394,0.7389557025000387,0.7429273317001663,0.638231651853719
395,0.7327402640948651,0.7350761491239484,0.6348064480754468
396,0.7370731056685231,0.7399977918026122,0.639712547644791
397,0.7380823547222476,0.7376546761408644,0.6400087522564412
398,0.7379109013693517,0.7408085897438099,0.6370687290878174
399,0.7366398881393971,0.7368710290903016,0.6406514729190578
400,0.7358134566593876,0.7394674596080941,0.6384234514870315
401,0.7386420545001262,0.7406446940475546,0.6402601953655438
402,0.7314352754810188,0.7331195472201268,0.6375799503981203
403,0.7349500626694752,0.7357667363683436,0.6380042927854921
404,0.7396789038163052,0.7425517343031133,0.6409788206479548
405,0.7383566816542824,0.7409146360260328,0.6396422010322806
406,0.7378461820667825,0.7384684389892089,0.6395890155871754
407,0.7381145528191222,0.7393503312713082,0.6395703676156934
408,0.7358461970557046,0.7385526522620935,0.6382602430157535
409,0.7406460932879335,0.7425632878112376,0.6399842228089974
410,0.7369480100844186,0.737108241853444,0.6399807564045091
411,0.736990356942871,0.7377754878383876,0.6379183624217027
412,0.739799746082686,0.7413295475998063,0.6408005079809945
413,0.7378154549043021,0.7390778905927294,0.6428836539091326
414,0.7400181472263833,0.7404374093740017,0.6415363355195333
415,0.7390326577771222,0.7412545137099215,0.6400262826479768
416,0.7404152289722142,0.7384111332057424,0.6394876325088339
417,0.7372553603154104,0.7365190491295495,0.639006423607305
418,0.7372474418511378,0.7348471185678668,0.6373076414303982
419,0.7387324902222303,0.7406052780603098,0.6394207032750013
420,0.7403489504266577,0.7402490101510215,0.6429001170460636
421,0.7382030339917349,0.7385439706419502,0.6409186032497343
422,0.7397364044709921,0.739142717543111,0.6395117828487383
423,0.7389661751173918,0.7405842136364843,0.6403311831254312
424,0.7377995472066687,0.7369622941494761,0.6388001849935032
425,0.7377492669403011,0.7377131246542876,0.6411677874364442
426,0.739717213471682,0.7403478290933396,0.6423820082356668
427,0.738542214954272,0.7388116344940829,0.6412462778069714
428,0.7376017108445314,0.7407203418283106,0.6394519232867149
429,0.7399729392530734,0.7405777890774785,0.6409609477841158
430,0.7399824737357907,0.7406402848056025,0.6414685169162021
431,0.7375836132950033,0.7395695250419435,0.6416970066929735
432,0.7370903936961084,0.7391944942167582,0.6417650389859302
433,0.736214109097524,0.736600947232882,0.6384931281826643
434,0.7396203790336496,0.7404953541311994,0.6399087349034147
435,0.7361664116528275,0.7381185732246831,0.6382862212097649
436,0.7379979630151106,0.7403934840717948,0.6413869243465999
437,0.7376551269100031,0.7385648040666244,0.6397539323751874
438,0.7405767582824511,0.7424404605356575,0.6408378560997406
439,0.7385720446227741,0.741774523028556,0.6401239822757733
440,0.7369156115000646,0.7377922046731704,0.6406118546845124
441,0.7384047282405142,0.7399788359661162,0.640757175020219
442,0.7375816575425576,0.7391798231784719,0.6414649841307928
443,0.7378708162562471,0.7394867058701827,0.638010338181181
444,0.7384235267673472,0.7421210869201617,0.6422000305923999
445,0.7381642563107248,0.7394452538479117,0.6405834236720213
446,0.7361260144230994,0.7366957449743567,0.6374607481646006
447,0.7370884466210545,0.7384446616751562,0.6393957637786657
448,0.736762872503504,0.7370842545996782,0.640210077137699
449,0.735400365229447,0.7343506906642594,0.6383797089981977
450,0.7365378287431472,0.7394805126913887,0.6405104712041885
451,0.7390096440273803,0.7404546112649032,0.6409442961536779
452,0.7381049913471615,0.7391489261358954,0.6389425121879396
453,0.7383571624267385,0.7409559543186267,0.640574835652041
454,0.7385833846393917,0.7437296777588644,0.6423510204081633
455,0.7367295575180302,0.7393982724701428,0.6388527012972796
456,0.7348246474334512,0.7370851613415648,0.6377401872228609
457,0.7354564602713891,0.7385286958078641,0.640152505446623
458,0.7387340284030043,0.7421231410430769,0.6426338775199033
459,0.7351611376008945,0.738117340862275,0.6374437601013411
460,0.737345594600906,0.7398099764770265,0.638413260731702
461,0.7383488046180184,0.7416503537121486,0.6411056328810157
462,0.7370961868535854,0.7404091453602931,0.6401516389424491
463,0.7395319944844264,0.7393077930420042,0.6442389478964472
464,0.7378058597194121,0.7375826434498921,0.6404048574145526
465,0.7383404488748408,0.7416279875786909,0.6388615216201423
466,0.7365238087390549,0.7375537081875444,0.6393907654708911
467,0.735133191975175,0.7353107171343081,0.6362628557630039
468,0.7376143084917178,0.7415636949005142,0.6404877252190954
469,0.7387770655455421,0.7387506993488523,0.6405766572312553
470,0.7385874115243076,0.7391706133682598,0.6398439725637148
471,0.7373102348388546,0.7388329571001941,0.6367915770159133
472,0.7384474711679374,0.7388627348643326,0.6407333180011171
473,0.7395580074148884,0.7402421010149911,0.6389632620813764
474,0.7370683384353367,0.7387978570838301,0.6413297531172883
475,0.7369748984984288,0.739537776628641,0.6398203951742102
476,0.7367975739622458,0.7395318222281518,0.637239235601865
477,0.7365193810562605,0.736277649456491,0.6366695996480423
478,0.7368151986349641,0.7369134220800017,0.6385850184882432
479,0.7361233836907488,0.7369188949150178,0.6373247932615324
480,0.7369470535038456,0.7368611648095624,0.6393406737736138
481,0.7375755530332994,0.7374309059330223,0.6380482456140351
482,0.7388161707365867,0.7409653137526797,0.6405405405405405
483,0.739482168977571,0.739179533594598,0.6406424856823119
484,0.7376451599602281,0.7388627415683936,0.6395294066097778
485,0.7349357725559689,0.7355734611296277,0.6383373538689924
486,0.7375312093358849,0.7389782074709268,0.6375884505005806
487,0.7388358497272014,0.7397930137011784,0.6410304111357941
488,0.7412998823712352,0.7426880699922431,0.6415446627640062
489,0.7383201706067363,0.7395087256075202,0.6395834925070127
490,0.7369010877700738,0.7382242560091743,0.6378572444969844
491,0.7362335911465518,0.7368376135233251,0.6395051474284715
492,0.7374147233782562,0.7365905479707446,0.6383610451306413
493,0.7393969598436378,0.7423824634668297,0.6434406639725373
494,0.7394195314700427,0.7413577795142112,0.6410065808172457
495,0.7386242744132141,0.7413834231915324,0.6404997488150623
496,0.7382886576434176,0.738061281894179,0.6408292517230422
497,0.7397022794741543,0.7397005353873469,0.6391120391230287
498,0.7378558776899806,0.7411176493668217,0.6409331225813485
499,0.7369491844286067,0.738526449271835,0.6414706429141651
500,0.7370403714740281,0.7401599631105902,0.6413277863692797
501,0.7384192666489624,0.7371716139595379,0.6401034475201087
502,0.7384169306080611,0.7396521326355986,0.6397501283213385
503,0.7373764073547386,0.7401080504943549,0.6402059269439263
504,0.738580079186633,0.7387217655443487,0.6403675746636035
505,0.7383332964253819,0.7378952275103727,0.6385936401967673
506,0.7355522243881529,0.7412107397139498,0.639846534491591
507,0.7407937715114824,0.7393879081461154,0.641501545773602
508,0.7362064865514215,0.7379346202401063,0.6382435147174426
509,0.7383126151344145,0.7376562076230154,0.6412629048997651
510,0.7388860730012008,0.73886617413908,0.6411424431687212
511,0.7401782923164735,0.7421705258969635,0.6404954156546095
512,0.7373674871686737,0.74069120271442,0.6387393388736609
513,0.7389114840764666,0.7374685367875794,0.6401297264131304
514,0.7382907645271796,0.7400839676658827,0.641814738178912
515,0.7373119817378601,0.7363075180681748,0.6391897378499084
516,0.7382473799764855,0.7404925471993697,0.6386293176166428
517,0.740318846215529,0.7399846854903684,0.6401608367024082
518,0.739135663908755,0.7420211668280619,0.6425588065300603
519,0.7373518348895527,0.73960062064654,0.639234680459367
520,0.7400247044017422,0.739561958347823,0.640620542865293
521,0.7400194305578505,0.7387786375696588,0.6405895815766708
522,0.7383388916249054,0.7405629562989386,0.6417714598141061
523,0.7388472389469118,0.7383213389644143,0.639735011884849
524,0.7383124599432366,0.7408492786084696,0.6409361841745502
525,0.7366708065799066,0.7405972104608642,0.6398459513267115
526,0.739876919480495,0.7403894980033746,0.6415647493819328
527,0.737547441559627,0.7381531941393437,0.6387375911446894
528,0.7370441755759515,0.7385569374934993,0.638500941289786
529,0.7372472271091128,0.7381508683196684,0.6397332251022894
530,0.7358675040563671,0.7359871862180642,0.6374893347043252
531,0.7361201654730043,0.7378491693712916,0.639945741352528
532,0.7374717710177647,0.7395238500606919,0.6406976364408348
533,0.7401290791947283,0.7396305487710836,0.6408716239915819
534,0.7376796230723297,0.7399607198010201,0.6387598255184703
535,0.7375355478878189,0.7387812156138702,0.6402902859141383
536,0.7367882997789685,0.7408295247837458,0.6389540657637699
537,0.7367821610071528,0.7359874840289682,0.6389597870499184
538,0.7404032317958081,0.742093370179335,0.6410759931104846
539,0.7383726691783874,0.7422912183022482,0.6410647049861797
540,0.7371441277310908,0.7372111797729292,0.6389426460239268
541,0.7382163036863569,0.740704459537675,0.6414267015706806
542,0.7359146202564509,0.7372226783271605,0.6394691463121821
543,0.7380323074869716,0.7372722369002243,0.6413551145707708
544,0.7372456921598114,0.7358309595545334,0.636836559989464
545,0.7380337114234259,0.7398610564524297,0.6403397676652983
546,0.7342257255111162,0.7339370960016175,0.6381743919932548
547,0.7347773641540594,0.7358424654857493,0.6374546530616718
548,0.7409788501251972,0.7437304158056582,0.6444801319473079
549,0.7385718053072035,0.739458692044956,0.6411862624846679
550,0.7378010276741949,0.7365845089570079,0.6392606755895475
551,0.7361213482966358,0.7363675803821121,0.6361325395340648
552,0.7401188795935458,0.743360189405994,0.6427502757483428
553,0.7352000177300746,0.7359176646839263,0.6373210141437141
554,0.7388218989380755,0.7411680485615286,0.6413087487005527
555,0.7373999597523928,0.7386986047614953,0.6382698719073522
556,0.7364462453409584,0.7379000503890326,0.6411100298500935
557,0.7372795005044743,0.7385616736442366,0.6383798576902026
558,0.7401397024241959,0.7429124042324458,0.6436836766967314
559,0.7383362813216996,0.7384400218118563,0.6391013698630137
560,0.738937515209467,0.7397435482255456,0.642197215167703
561,0.7358295971942188,0.736771938014504,0.6374162364055805
562,0.7377483284553324,0.7394766182137502,0.6390035135342214
563,0.7376666715451881,0.739219356163586,0.6386975029622153
564,0.7392067776031851,0.7414572467726676,0.6414527760120992
565,0.7380493385479886,0.7403424254032009,0.6397778336595126
566,0.7375823729292784,0.7403998096568716,0.6393023408301095
567,0.7411678092926338,0.7419346575599441,0.6427187229709757
568,0.7395099514759449,0.7411035716955413,0.6436279912268258
569,0.7400820798441106,0.7423080592739182,0.6425742357600823
570,0.7377746698195761,0.7365045560884649,0.6385167437822155
571,0.7395691061880496,0.7418980292797538,0.6434624763529398
572,0.7376283600676272,0.7389037747332524,0.638476874876761
573,0.7356443843976783,0.7375767040656049,0.6380600280014
574,0.7368968368553875,0.7375241692346477,0.6387963531165074
575,0.7376880675846837,0.7390681552193236,0.6383743615598764
576,0.7402106707127984,0.7425211810801334,0.643225975844565
577,0.7364080144057287,0.7369471300300826,0.638064840522047
578,0.7373471435633376,0.7427004069555476,0.6389553625088783
579,0.7383189114525357,0.7401934503571674,0.6411266495962182
580,0.7372888004957944,0.7393584092228267,0.6393861334264758
581,0.7375239444956593,0.7403059320834517,0.6389147202013019
582,0.7376779649550295,0.7396156320846988,0.639081868210015
583,0.7361645285905914,0.7373830178931098,0.6385511900470776
584,0.7384536660547154,0.737961708332367,0.6379321684607459
585,0.7390266959260026,0.7397228611548443,0.6425572290142104
586,0.7369221159168124,0.737198647398316,0.6383679564319908
587,0.7397180583097942,0.7414115538210391,0.6437275204359673
588,0.7390280489977065,0.740032601221899,0.6393766028802526
589,0.737750876502302,0.7371211686015479,0.639099643151249
590,0.736688512906585,0.73958522932309,0.6405265858158041
591,0.7388105963244715,0.7393415481827221,0.6410256410256411
592,0.7400459904079368,0.741625879807666,0.6413797646232215
593,0.7394101972936463,0.7438185102049709,0.6424554877584537
594,0.7407936407396025,0.743125639373031,0.6403598266688607
595,0.7384034526621803,0.740153840517611,0.642155683384003
596,0.7396883933875245,0.7411921306256455,0.6414974757960531
597,0.73724548957599,0.7413053410061958,0.6408073506357778
598,0.7386119036429604,0.7370369451499258,0.6393793883986946
599,0.7366937743913046,0.7399781733172641,0.6399260025028565
600,0.7381787808900966,0.7391010199806004,0.6411513556601405
601,0.7372732243306444,0.7390840841755018,0.6396084386710513
602,0.7395380648220446,0.7389231375728906,0.6398833346125591
603,0.7386307313628169,0.7379127057262153,0.638239400235245
604,0.7401132086332636,0.7439781092103455,0.640113456608302
605,0.7378979517019155,0.7394089529083925,0.6418306216649753
606,0.7373943449411835,0.7375748756371873,0.6357196286355437
607,0.7377570018629347,0.7390576978392533,0.6385814172676062
608,0.7379004874831034,0.7398970164196778,0.6408931517025158
609,0.736225476653408,0.7388431547098679,0.6387580978183686
610,0.7350144046366162,0.738981113762025,0.634653064351938
611,0.7350142697406877,0.7390757366546947,0.6375674350171653
612,0.7366503173210903,0.7391597548055089,0.6396055875102712
613,0.737225244161038,0.7419071610598915,0.6395307075302287
614,0.7377540916393617,0.7425451267008402,0.6400314383023317
615,0.7367521449034486,0.736833577214741,0.640576927273124
616,0.7373618621830773,0.7393636014422948,0.6400998718748974
617,0.7357510093307316,0.7384545722027511,0.6386869306236861
618,0.738240359918313,0.741907012490721,0.6432612131451305
619,0.737353285470034,0.7364644343967033,0.6389830137944603
620,0.7406314864555501,0.7426146222067974,0.641965020012062
621,0.7376195218605321,0.7400654209881148,0.6401765039975534
622,0.7383477774635969,0.7416633224535895,0.6421838177533385
623,0.7395968168225251,0.7397326991639801,0.6416806759622463
624,0.7383612118207573,0.7382544798627941,0.6380738221905337
625,0.7354688837046239,0.737496029723842,0.6393927165246982
626,0.7375350854806677,0.741704745105336,0.6391700736789173
627,0.737984467688384,0.7394247316756568,0.6407635225357354
628,0.7353232465158163,0.7383617823866475,0.639846659841868
629,0.7358775136394872,0.7377323656281052,0.6372447972632179
630,0.7376508603537237,0.741499456839048,0.6396191310058006
631,0.7392876400369366,0.740107549010182,0.642987548238278
632,0.7396314861532025,0.7400331407270484,0.641764886298909
633,0.7399726524316739,0.7405385790622119,0.6416003856350928
634,0.7353207681178625,0.7368248390020147,0.6368642766246874
635,0.7379989067281779,0.7410932250159885,0.6418385411575598
636,0.7395372837643899,0.739546161767467,0.6398990453198727
637,0.737879735454218,0.7398342409645128,0.6408336617189895
638,0.7381827593442398,0.7381464391073428,0.6388159989459932
639,0.7375198244199975,0.7383090325565681,0.6420180887000109
640,0.7400155013969549,0.742424814954771,0.6429828492725425
641,0.7374530348114329,0.7394314690811729,0.6409203316157005
642,0.7353219232746747,0.7368864541403904,0.6368756711740341
643,0.736061059843421,0.7409279781241899,0.6372870284687823
644,0.738932825499988,0.7392665710319428,0.6384190105626449
645,0.7371001793627155,0.7398788236892636,0.6394389889567336
646,0.7391013699803801,0.7414342949680964,0.6430564452213187
647,0.7363733514515928,0.7382289943889775,0.6371066701726708
648,0.7370562821779885,0.7388427123367435,0.6398195100047094
649,0.7388599990769058,0.7391519339844684,0.6402042762112462
650,0.7368667783060535,0.7392121941031132,0.638068884052106
651,0.7386819587779914,0.7418950297896361,0.6395339924886947
652,0.7375324413781073,0.739156304417865,0.6404188618452562
653,0.7374562441999355,0.7371890987673715,0.6402477868330294
654,0.7383530260199594,0.738018563488067,0.639406426723949
655,0.7376869365886183,0.737207679401286,0.638324483257998
656,0.7365140407337509,0.7392961062608714,0.6375835992481532
657,0.7371685430422998,0.7408947689878373,0.6417635985767602
658,0.7408161053765879,0.7404372226476478,0.6414284298939906
659,0.7363760305227789,0.7367390960303867,0.640455330026874
660,0.7385556779176298,0.7371452377923569,0.6408678898279109
661,0.7377538045310432,0.7398590654214027,0.6401949321998711
662,0.7357705266331416,0.7354206468962114,0.6376719530360115
663,0.7376432167853939,0.7389815355909133,0.639995630086852
664,0.7358087900005336,0.7333900351618532,0.6359269297723718
665,0.7378123206026583,0.7360253581507139,0.6394104958885811
666,0.7397372432060777,0.7419100368734047,0.6433450631339267
667,0.7388177278436062,0.737503577477508,0.6400412434460215
668,0.7385116283759182,0.7402868109712203,0.6385328337605994
669,0.7382563764354245,0.7405342503721242,0.6398537076781569
670,0.7358372937668414,0.7339112804140862,0.6378949444913258
671,0.7355255756086527,0.73968554038504,0.641136234914826
672,0.7339737488618445,0.7374952240108625,0.6367654280569651
673,0.7423867097903599,0.7411528535431238,0.645585952021693
674,0.7392043793058495,0.7387868838668348,0.6385406039863538
675,0.7378616179198174,0.7389725110174431,0.640212103948464
676,0.7382955809354214,0.7380673868717201,0.6409025444071051
677,0.7401262338712369,0.7429028435056042,0.6422652235705696
678,0.7364653437662314,0.7390524408089627,0.6399344441409451
679,0.736362258038616,0.7389371929570727,0.6389614363300586
680,0.7396715388154658,0.7416602042519975,0.6437738239566608
681,0.7406640322471509,0.745120891213924,0.642218461706425
682,0.7383885061763964,0.7399958752738166,0.6404036653160188
683,0.7383669493147361,0.7402319193450565,0.6417052705183114
684,0.7348463258681022,0.736901882795075,0.6372617743702081
685,0.7371157036018836,0.7389931490541386,0.6401826783353546
686,0.7367201641320599,0.7374132570908691,0.6418998559392326
687,0.7388479357740376,0.7413171441456601,0.6399090342542886
688,0.7372432698401681,0.7387809570312579,0.6383995091594356
689,0.73913292781034,0.7406930412325298,0.6425801094711081
690,0.7353930142975036,0.7401448803254834,0.637749248839115
691,0.7386031891105519,0.7380588385479334,0.6399850875557846
692,0.7361127362210933,0.7355947354682499,0.6366446984783637
693,0.7375090359278905,0.7366852051657031,0.6374309997371419
694,0.7380624894064112,0.7397807540207638,0.6395325937110221
695,0.7360156766793903,0.7368968757306877,0.6391932978979373
696,0.7370165157465567,0.7429803150978048,0.6404365620736698
697,0.7348728204868422,0.7361765344689793,0.6371160325820275
698,0.7402521159555291,0.7422926692456593,0.6430967967563196
699,0.7380429891603923,0.7398703493406387,0.6382386158046512
700,0.7374895014848724,0.7390111019983046,0.6409680094269629
701,0.7394261032930156,0.7412617282033306,0.639293162111733
702,0.7393207427001844,0.7417234249126363,0.6407285130200931
703,0.739611885456698,0.7423431410747642,0.6430445620326234
704,0.7382393396731459,0.7399388985337554,0.6400332826065536
705,0.736286524425551,0.7360526974446211,0.640364620424441
706,0.7410481945385909,0.7409391364992644,0.6445814746785621
707,0.7367298104705136,0.739003806252823,0.6386869306236861
708,0.7368506139653026,0.7372546749617286,0.6369094747954606
709,0.7405812233899789,0.7452964386836428,0.64078008009751
710,0.7321725392331464,0.7358789924490403,0.6358659047950116
711,0.7374566771928981,0.7416637478060195,0.6416104742024678
712,0.740263643912697,0.7413285312521718,0.6418958839361911
713,0.7367970888773652,0.7391183108355858,0.6381299930959661
714,0.7361490930932306,0.7344972303382261,0.6382572641416302
715,0.7373594992263679,0.739036436229478,0.6416838341889844
716,0.7384867357643126,0.741975764292151,0.6407680139638903
717,0.7385916067713825,0.7403684186560664,0.6406582493970776
718,0.7371280158022547,0.7355903793642157,0.6389340905367772
719,0.7369799516815781,0.7386099461535908,0.6387523234456286
720,0.7398624924272559,0.7416195234679754,0.641348736651307
721,0.738222323492733,0.7394899133631367,0.6424877236153
722,0.7363171806650852,0.7369219598325273,0.6381141297796092
723,0.740739300623249,0.7427528729594137,0.6440207593553674
724,0.7382546434544555,0.7375642384569983,0.6394574273968386
725,0.7390388382308413,0.739172209060487,0.640604273326244
726,0.7384871145186023,0.7399408697336805,0.6383982964337069
727,0.7378986037562576,0.7369152138628947,0.6410368396916559
728,0.7364117830684228,0.7350266314080929,0.6390115321252059
729,0.7348147070082329,0.734676781688111,0.6360721266829193
730,0.737461762850657,0.7375515190183046,0.6396894328201079
731,0.740750389665501,0.7441350144627998,0.6434092470046987
732,0.7391733472854184,0.7375724961461744,0.6403144743613608
733,0.7380209236363338,0.7425956486283434,0.641805349830095
734,0.7378237626145676,0.7368187699393918,0.6385323921086434
735,0.7359386993259815,0.7365486962498508,0.6372667797431548
736,0.7387439942195462,0.7403872422862854,0.6403497267759563
737,0.7371905809304568,0.7384578943065307,0.639398870698223
738,0.736717052035748,0.7385690338909014,0.6375616887042349
739,0.7380127033721562,0.7402580535005743,0.6406349067535364
740,0.7391872647964925,0.740612418409842,0.6404678260490083
741,0.7376092076860057,0.7390057912190575,0.6409297647161725
742,0.7376612895005945,0.7383860486116568,0.6408090759489532
743,0.738387748525946,0.7402835351603099,0.6414003110828751
744,0.7372263767005177,0.7415721811282185,0.6393537344511431
745,0.7365900804365886,0.7356804437352759,0.6381644577454753
746,0.7357112823391634,0.7359796693230752,0.6397731751105662
747,0.7375519043737407,0.7395018845392705,0.6391806722689075
748,0.7367299823008592,0.7351637106615588,0.6396295564772753
749,0.7383329865287703,0.7394691190470621,0.6382217343578486
750,0.7380918081542127,0.7428745839492021,0.6414498748231197
751,0.7371848223020396,0.7408451452063896,0.6405452189912142
752,0.7374232131656303,0.7356677058640703,0.6374289616282656
753,0.7361020138422263,0.7361609584761802,0.6390581747759774
754,0.7395531311591068,0.7413531348608892,0.640633210719916
755,0.7369649821414644,0.7409189115593773,0.6387925581801129
756,0.7351956757151452,0.7372514941514285,0.6402270618416025
757,0.7342906024142402,0.7363682708700102,0.6361995602760854
758,0.7382641272279679,0.7419689828557192,0.637768934755991
759,0.7387361996805193,0.7399332108503285,0.6416082771265798
760,0.7383569892007773,0.7391109683353143,0.6414651789824415
761,0.737796039398595,0.7381877342032361,0.6411345964297448
762,0.7359308006445637,0.7379571650292258,0.6376127658640445
763,0.7402710181305652,0.7419759971843485,0.641919776404568
764,0.7362039058439843,0.7386096005398558,0.6378459956911164
765,0.7375122056362791,0.7408537786033926,0.6404296109102
766,0.7349049410049053,0.7373289846860204,0.6354502618373438
767,0.7390344664720325,0.7401787404084966,0.6394130208618518
768,0.7394883263978516,0.7416983740626264,0.6442192437615779
769,0.7365451380630426,0.7379075244467109,0.638523523687692
770,0.7350507594529292,0.7379075246048811,0.6362358007602223
771,0.7384369950841206,0.7405747451237327,0.6393673918036552
772,0.7369475662728311,0.7371645815480701,0.6394194459342608
773,0.7385185304227965,0.7402441460105642,0.6402072265882249
774,0.7366510161479407,0.737767829636108,0.6383053221288515
775,0.7358603063979906,0.7379112512674684,0.636720844962513
776,0.7395899526292342,0.7398565615102212,0.6399165431285345
777,0.7374375953251366,0.7387850106849765,0.6399256789988524
778,0.7380738780082785,0.7394051602664874,0.6415962994479719
779,0.7407494983852168,0.7444048635779346,0.6438807821630268
780,0.7394044395507363,0.7401070421939182,0.6407189556775195
781,0.7361167590539117,0.7368107538959522,0.6394727623051323
782,0.7403538890560901,0.7425718956735452,0.6422722452415572
783,0.7360701600869901,0.7376510446913485,0.6379773367393725
784,0.7385724504153912,0.7401842944054089,0.6406140810621943
785,0.737297812897852,0.7394364171811737,0.6399535932403739
786,0.7380550380108197,0.7405864898326202,0.6413976386528994
787,0.7393643366950028,0.7430355238123065,0.6428750997387664
788,0.7357232761694805,0.737298301061294,0.63783039286417
789,0.7370762358301021,0.7422380841802672,0.6398254228041462
790,0.7373199799161079,0.7376954004638235,0.6399291663933888
791,0.7389445177165991,0.7387344420526183,0.6423785135387079
792,0.7364244439810728,0.7389036000441503,0.6374642548016347
793,0.7365726621959221,0.7406903851388142,0.6394012237762238
794,0.7380005916773751,0.7412416849325943,0.6410975037895724
795,0.7392363196221279,0.7403916054848392,0.6407622872984862
796,0.7402322222489328,0.7396753213705664,0.6419587934078225
797,0.7364552425925102,0.7398244959131915,0.639009409733227
798,0.7383637250727162,0.7411071287480189,0.6354755670942334
799,0.7390730824134479,0.7414226740034175,0.6401951988095499
800,0.7353518235619555,0.7363703164631386,0.6383616165150455
801,0.7387773129751299,0.7401542798134617,0.6430661077635141
802,0.739410333661634,0.7418005293036918,0.6403176756295534
803,0.7380723915821464,0.7393645679755458,0.6391208694985935
804,0.7381288767520875,0.738936043867396,0.6374899860627943
805,0.7383586476612876,0.7393467650264884,0.6402154634434737
806,0.7391153973244429,0.7381528441351498,0.6397015252935367
807,0.736697816598446,0.7375239183482616,0.6400560991376949
808,0.736752959124205,0.7412648742781138,0.6385206321334504
809,0.7391612204140411,0.738255061431092,0.639127336512635
810,0.7377772435092513,0.7415624322811039,0.6411460266853013
811,0.7357819779543481,0.7385942265166583,0.6394569682178228
812,0.7373829350525622,0.7356868430470845,0.6386341871498233
813,0.7366455443943858,0.7361109276389026,0.6394094389012409
814,0.7392814315641221,0.73805663030094,0.6401408450704226
815,0.7371767179312989,0.7399162016518098,0.6401276670164393
816,0.7386542653862754,0.7408064010745647,0.6430351642850146
817,0.7373287597136604,0.7388884989244593,0.6400288370162427
818,0.7357584246328841,0.733727780738822,0.6369586500489511
819,0.7361341197303257,0.7375723163841403,0.6381559523679348
820,0.7390467287152811,0.7437497393834542,0.6448243732258554
821,0.7384267245838995,0.7406220604822575,0.639426554725005
822,0.7397003403521734,0.7425655594472844,0.641228885365987
823,0.7369961360613497,0.7380473623772963,0.6405366072503256
824,0.7380516926600403,0.7382257890331203,0.6407424735336039
825,0.7369387635007788,0.739339068689818,0.6408950853346737
826,0.7394075327667304,0.7399567511100171,0.6413946311515775
827,0.7406799942369909,0.7395508722448705,0.6433272374861748
828,0.7396030734679808,0.741766943670551,0.6417897442600096
829,0.7393447614417434,0.7393243518790208,0.639153555177896
830,0.7373193763826699,0.7409485915546723,0.6399973796552063
831,0.7397510084687543,0.7420694484924364,0.6416072868318407
832,0.7358513886263642,0.7389067560697212,0.6370688051814491
833,0.7388773542380864,0.7412520956470733,0.6420969821463692
834,0.7367327976521526,0.7362509934661949,0.6384503292392983
835,0.7383034163161768,0.737919100940928,0.6412993446288057
836,0.7365978454466324,0.7350876994275816,0.6381137504255483
837,0.7403724781134382,0.7437193843740968,0.6440655780621094
838,0.7359110107427567,0.736619212935891,0.6398241604426608
839,0.737028124264736,0.7367463477545868,0.6398046130593827
840,0.738906239862274,0.7369265750295743,0.6379179205661563
841,0.7397574118900547,0.7393422627594164,0.6395709047123858
842,0.7378814078260525,0.7391836381752094,0.6397521647272608
843,0.7360050972710679,0.7375271818914636,0.6385467105335068
844,0.7378034205261289,0.7387210975871905,0.6398337525976157
845,0.7371066741430158,0.7374920388437564,0.6385621633505552
846,0.7375687517936532,0.7390139674622582,0.6409634340917535
847,0.7385790527353578,0.73956222407914,0.6397957842149087
848,0.738448904558076,0.7385712002624556,0.6394484754159451
849,0.7366762094662882,0.73484196467779,0.6400858763993252
850,0.7389341213570799,0.7411857446806909,0.6427540983606558
851,0.7383620532245825,0.7396531068808967,0.6406818825888867
852,0.7379804182476865,0.7410956234123861,0.639501103077696
853,0.738197098158057,0.7400083702996074,0.6400806566503381
854,0.7362417294601771,0.7363586668971744,0.6391506855306028
855,0.7385700109926556,0.740663112345229,0.6414761016782805
856,0.7394853500249554,0.7408603631324484,0.6413149129034019
857,0.7381352691331196,0.7430364306658246,0.6408748311767525
858,0.7400568217429371,0.7414568203043752,0.6422491504496334
859,0.7387664278831383,0.7396355715978858,0.6416502946954813
860,0.7382228097456857,0.7389744834776455,0.640378790364028
861,0.7380926926254585,0.7397677076336031,0.6395885764306817
862,0.7384699194715487,0.7374803004080176,0.6396593166577033
863,0.7359953478398582,0.7381250067671252,0.6398829349262337
864,0.7383431632919812,0.7420298285766733,0.6419457908579129
865,0.7368832347914552,0.7369681351273679,0.6378612589627414
866,0.7376041886594682,0.7387680845584682,0.6411347517730497
867,0.7370016146711573,0.735801713331371,0.6379114892305661
868,0.7379828505675796,0.7382911651158058,0.6390705226664326
869,0.7389507277401555,0.737317570475662,0.6415647493819328
870,0.7349382708572196,0.7341284960121846,0.6356176438235618
871,0.7394846727601438,0.7423625284185953,0.64065115363156
872,0.7360381839593657,0.7397676185953583,0.6399353026676721
873,0.7395075301544856,0.743460587182847,0.6408112474348339
874,0.7381648351200195,0.7428489689187177,0.6416131989000916
875,0.7393641262626263,0.7396545312312792,0.6409859973464039
876,0.7374044193577971,0.7377915440721972,0.6398870439893611
877,0.7374469653956754,0.7366112301789645,0.6399543704548696
878,0.7366096188181663,0.7414261662226278,0.6403255189867895
879,0.736835616520227,0.7407751917101423,0.639718574518758
880,0.735936336321063,0.7369324801299062,0.6371718278980543
881,0.739693634588983,0.741229222368214,0.6408132036288119
882,0.7360714293702042,0.7360425058773978,0.6395364093592828
883,0.7398194668152467,0.7382009281986633,0.6404788627010849
884,0.7402191249175545,0.7412678020306173,0.6416671236632849
885,0.7379136842743279,0.7396552121789859,0.6392330868255273
886,0.7403996923057867,0.7420641160498532,0.6409871785045603
887,0.7407899648464408,0.7435188539909798,0.6445932512589712
888,0.7380758120071034,0.7377780207415163,0.6385298957761931
889,0.7383717156750194,0.7370183136663426,0.6376588371197536
890,0.735891066609095,0.7384909596438145,0.6363158010129135
891,0.7371557056509581,0.7336055494974805,0.6370951696695037
892,0.7371538807570663,0.7396297122487919,0.6387361285737714
893,0.7397860619540895,0.7413223066179497,0.6434460196292258
894,0.7403948479471725,0.7417077339360095,0.6430302897949378
895,0.7363605218799808,0.7367822771861983,0.6405023891981938
896,0.7374666228676159,0.7401342661484548,0.6402604923567784
897,0.7384123905329781,0.7411061493957887,0.6400428078451929
898,0.730800680308798,0.7339727098692354,0.6361999934542836
899,0.7388490202029606,0.7400585722182083,0.6399876696795218
900,0.7374399522056336,0.7360395032321088,0.6392076337721947
901,0.7376007343653846,0.7378398591025639,0.640762896293785
902,0.7388176220708375,0.741524838012915,0.6414541958882262
903,0.7374386279838903,0.7397597238963217,0.639336347276478
904,0.7369904698542796,0.7376161747654362,0.6412005457025921
905,0.740427879072219,0.7438387475610246,0.6419753086419753
906,0.7364223009185658,0.7357914699954471,0.6373527540746265
907,0.7413446746728292,0.7441105244966788,0.6424546160832504
908,0.7376219568260184,0.7395872211350155,0.6405984731486654
909,0.7382578668713177,0.7408357649279135,0.6410871651688335
910,0.737265766252073,0.7383456868979752,0.6379129063348813
911,0.739687275730389,0.7416685670020784,0.6412170234220016
912,0.7377376893779604,0.7381450984091777,0.6399158005525589
913,0.7370012651054434,0.7382549380010712,0.6396040254492493
914,0.73728058394784,0.7415719245375544,0.6382718876421647
915,0.7371768527179139,0.7385676763298881,0.6379800151367241
916,0.736230431562688,0.7396937631703766,0.6404842403751773
917,0.738833165921257,0.7394464118674647,0.6404265122095701
918,0.7369604576964239,0.7383372297103198,0.6400034939456473
919,0.7355413699738371,0.7355489503722002,0.6358465448384364
920,0.7376841558033843,0.7378491741356783,0.6385385045315565
921,0.736251663117108,0.7360075598004145,0.6364761685672659
922,0.7388153743291682,0.7406947352985221,0.6402961765701617
923,0.7379351734963806,0.7419742097776274,0.6412421683464996
924,0.7363810285058503,0.7394808218157287,0.6402556746910416
925,0.7383821979339014,0.7371862401142183,0.6411735040673581
926,0.7387135578914197,0.7374093970851838,0.6401501020430556
927,0.7392231380365429,0.7409495551913969,0.643667389480337
928,0.7365347634920926,0.7395682232233992,0.6400470526728532
929,0.7352443496586801,0.7385072335558929,0.6388428671084757
930,0.7370369350855958,0.7347793842751005,0.6397280552661878
931,0.7370717889959215,0.7378170445165,0.6393026664041822
932,0.7396180495909358,0.7414050980162818,0.6415836822141818
933,0.7363763875132924,0.7378569974415142,0.635741210862374
934,0.7347117261639832,0.7381447551141879,0.6376132219094662
935,0.7371061818911983,0.73854752532536,0.6384821115398106
936,0.7396056090519354,0.7416923594651093,0.6411955048318685
937,0.7367753001411973,0.7397149402229883,0.6382876119288478
938,0.7378596533100212,0.73941413527329,0.640019257913799
939,0.7360715821747834,0.7352471087819892,0.6403629907279542
940,0.7375490947276566,0.7348959203055263,0.6389663424594375
941,0.7373547768179308,0.7379865746292247,0.6407845361724409
942,0.73747361666397,0.7401467398104472,0.6415665273423894
943,0.7380365983161894,0.7357007191539312,0.639343542937382
944,0.7374614764765299,0.7377342917602959,0.6379291457616721
945,0.736925755304142,0.7357641365162217,0.637588098824616
946,0.7390131697488223,0.739118720673202,0.6429689638184903
947,0.7372479866288939,0.7375498428627486,0.6393797767636223
948,0.7374655891966456,0.7393724465500315,0.6420487996336757
949,0.737212796591769,0.7409586184403804,0.6401195058389942
950,0.7367434183374112,0.7384411193603394,0.6390461410679548
951,0.7361587756971121,0.7347850537393448,0.6406347743061271
952,0.7360652240708269,0.7356399853243344,0.6393680829445761
953,0.7366853188004384,0.736621161963096,0.6389516890186352
954,0.7373342261593768,0.7404097969992959,0.639480111653873
955,0.7389635514134392,0.7409396581087746,0.6423746967146823
956,0.7362008665158334,0.7395025969008782,0.6388159047118585
957,0.7375800088388176,0.7392884644686255,0.6386648549136495
958,0.7378747573611304,0.739016493055902,0.640990010175834
959,0.7334793138415949,0.736074259543189,0.6347941859313623
960,0.7381105715928323,0.741235257023474,0.6409362332737654
961,0.7390847370774447,0.7426519695756278,0.6423843952731483
962,0.7380375778689936,0.7397777467154183,0.6429188019712184
963,0.7380218747583833,0.7399083737118283,0.6409474133123381
964,0.7382390383660928,0.7389386661744195,0.6388327770946777
965,0.7385074299284867,0.7381536104077377,0.6379737401635212
966,0.73786646261417,0.7370086097871137,0.6395291270146872
967,0.7362321942446639,0.7377854348894892,0.6370803495171146
968,0.7376172945981746,0.7383027126918273,0.6384817531089536
969,0.7388640700470516,0.7370771024234559,0.6410000109843035
970,0.7409336065756483,0.7397663276660826,0.6418018096778424
971,0.7383268831781452,0.7394894780102692,0.6407732941717993
972,0.737549447228133,0.7371230930388989,0.6396950912316824
973,0.7391386768517536,0.7411475533535394,0.640701177759518
974,0.7375893388005474,0.740662505560951,0.6404110709882941
975,0.7351402618264339,0.7387920110944208,0.6357980063533794
976,0.735786253853508,0.7374817338800546,0.6394321214507591
977,0.7386675933991158,0.7395644366630844,0.6401891149464284
978,0.7367003275620589,0.7375187392850293,0.6376426690079017
979,0.735941292448195,0.7337222563788766,0.6377279718743133
980,0.7390751654840155,0.7418398542478462,0.6411624499792263
981,0.7376885830180483,0.7387472429744977,0.6393704579283775
982,0.739335220125113,0.7407293447889629,0.6418032876532543
983,0.7373143712438787,0.7385356425648146,0.63925401394346
984,0.737369125434274,0.7392799803348682,0.6409664394279274
985,0.7377657354216401,0.7388638082646549,0.6400340827161303
986,0.7371882426189702,0.7404877799564104,0.6428236729979186
987,0.7399385772090976,0.740016043276005,0.6423624008565123
988,0.7386822436742253,0.7386012485634366,0.6403445169512008
989,0.7357267181825933,0.738870027689713,0.6394325869097188
990,0.7383572251088775,0.7412444717479372,0.6413104013104013
991,0.7359280777830878,0.7379180521376322,0.6398475775721285
992,0.7373261702819106,0.7392210719895558,0.6409587870554984
993,0.7370186844131305,0.7381256277522628,0.6393210127639926
994,0.7395450055516142,0.7410395603156139,0.6412503427474636
995,0.7365835168480359,0.7398551660821211,0.637600684766148
996,0.7391845544248106,0.7418245272199935,0.641116429523747
997,0.7384830477895691,0.7402710073229921,0.6410158341620134
998,0.7372446897106275,0.7378196817957275,0.6392968304765245
999,0.7368718758249814,0.7385470378680448,0.6400201546651477
1000,0.736752105093571,0.7393846586189547,0.637965589372351
